,Name of Query,Start Position,End Position,Length,Score,Gaps,E-value,Sequence,Gene Name,Category,Product,index
0,Coding Sequence0,539.0,3025.0,828.0,4420.0,0.0,0.0,KQRSFCPGRLSTAIAIALCCFPPFSSGQENPGTVYQFNDGFIVGSREKVDLSRFSTSAITEGTYSLDVYTNDEWKGRYDLRIARDKDGRLGVCYTKAMLAQYGIAAEKLNPQLSEQEGYCGSLKSWRNEENVKDNLVQSSLRLNISVPQIYEDQRLKNYVSPEFWDKGITALNLGWMANAWNSHTSSVGGSDNSSAYLGVNAGLSWDGWLLKHIGNLNWQQQQGKAHWNSNQTYLQRPIPQLNSIVSGGQIFTNGEFFDTIGLRGVNLSTDDNMFPDGMRSYAPEIRGVAQSNALVTVRQGSNIIYQTTVPPGPFTLQDVYPSGYGSDLEVSVKEADGSVEVFSVPYASVAQLLRPGMTRYALSAGKVDDSALRNKPMLYQATWQHGINNLLTGYTGVTGFDDYQAFLVGTGMNTGIGALSFDVTHSRLKSDAHDDSGQSYRATFNRMFTDTQTSIVLAAYRYSTKGYYNLNDALYAVDQEKNSRSNYTLWRQKNGMTFTVNQNLPDGWGGFYLSGRISDYWNRSGTEKQYQVSYNNSFGRLSWSASAQRVYTPDSSGHRRDDRISLNFSYPLWFGDNRTANLTSNTSFNNSRFASSQIGINGSLDSENNLNYGVSTTTATGGQHDVALNGSYRTPWTTLNGSYSQGEGYRQSGIGASGTMIAHSGGVVLSPESGSTMALIEAKDAAGAMLPGSPGTRVDSNGYAILPYLRPYRINAVEIDPKGSHDDVAFDRTVAQVVPWEGSVVKVAFGTKVQNNLTLQARQANHEPLPFAASIFSPDGKEIGVVGQGSMMFISDANAKRAIVKWSGGQCSVDLGQQTTKDSVCR,mrkC,Virulence and Defense Mechanism,type 3 fimbria usher protein MrkC,
1,Coding Sequence1,3037.0,3738.0,241.0,1078.0,0.0,2.67963e-150,KRIALFFCFIFSFAAHANNIIVNGTRFIYPGNEKEITVQLSNNADRPALAQAWLDNGDADAXXXXXXXXXXXXXXISRVDAKSGQTLRIKLGSSAGLAKDKETLWWLNLLEIPPVVANQKNEGQNVLQLAIRSRFKFIYRPAGLGNRDAAAEKLTLTASGSSLAINNPTPFYITVSRISRDGGKALNSKTVMLAPQSSQTVALSSAVNRGETLTVNNINDYGAD,mrkB,Virulence and Defense Mechanism,type 3 fimbria chaperone MrkB,
2,Coding Sequence2,3834.0,4442.0,202.0,936.0,0.0,8.4629e-130,KKVLLSXXXXXXXXXXXXXXXADTNVGGGQVNFFGKVTDVSCTVSVNGQGSDANVYLSPVTLTEVKAAAADTYLKPKSFTIDVSNCQAADGTKQDDVSKLGVNWTGGNLLAGATSKQQGYLANTEASGAQNIQLVLSTDNATALTNKIIPGDSTQPKAKGDASAVADGARFTYYVGYATSAPTTVTTGVVNSYATYEITYQ,mrkA,Virulence and Defense Mechanism,type 3 fimbria major subunit MrkA,
3,Coding Sequence3,4696.0,5400.0,239.0,1257.0,0.0,1.41107e-177,MNPFKGRHFQRDIILWAVRWYCKYGISYRELQEMLAERGVNVDHSTIYRWVQRYAPEMEKRLRWYWRNPSDLCPWHMDETYVKVNGRWAYLYRAVDSRGRTVDFYLSSRRNSKAAYRFLGKILNNVKKWQIPRFINTDKAPAYGRALALLKREGRCPSDVEHRQIKYRNNVIECDHGKLKRIIGATLGFKSMKTAYATIKGIEVMRALRKGQASAFYYGDPLGEMRLVSRVFEM,tnpA,Non-conjugative DNA mobility,transposase TnpA,
4,Coding Sequence4,5291.0,8326.0,988.0,4934.0,0.0,0.0,PRRSIXXXXXXXXXXXLPDTKDELIRHYTFSESDLSIIRQRRGPANRLGFAVQLCYLRFPGVILGADEPPFPPLLRLVANQLKVGIESWDEYGQREQTRREHLVELQTVFGFQPFTIGHYRQAVQLLTELAMQTDKGIVLARALIEHLRRQSVIVPALNAVERASAEAITRANRRLYDALAEPLTDVHXXXXXXXXXXXDNGKTTWLAWLRQSPVKPNSRHMLEHIERLKAWQALDLPSGIERLVHQNRLLKIAREGGQMTPADLAKFEPQRRYATLVALAIEGMATVTDEIIDLHDRILGKLFNAAKNKHQQQFQASGKAINAKVRLFGRIGQALIEAKQAGRDPFAAIEAVMSWDAFAESVTEAQRLAQPEDFDFLHRIGESYATLRRYAPEFLDVLKLRAAPAAKDVLDAIEVLRSMNSDNARKVPTDAPTEFIKPRWQKLVMTDTGIDRRYYELCALSELKNALRSGDIWVQGSRQFKDFEDYLVPPAKFASLKQASELPLAVATDCDQYLHDRLTLLETQLATVNRMALANELPDAIITESGLKITPLDAAVPDTAQALIDQTAMILPHVKITELLLEVDEWTGFTRHFAHLKSGDLAKDKNLLLTTILADAINLGLTKMAESCPGTTYAKLAWLQAWHIRDETYGAALAELVNAQFRHPFAEHWGDGTTSSSDGQNFRTGSKAESTGHINPKYGSSPGRTFYTHISDQYAPFHTKVVNVGVRDSTYVLDGLLYHESDLRIEEHYTDTAGFTDHVFALMHLLGFRFAPRIRDLGDTKLYIPKGDATYEALKPMIGGTLNIKHVRAHWDEILRMATSIKQGTATASLMLRKLGSYPRQNGLAVALRELGRIERTLFILDWLQSVELRRRVHAGLNKGEARNALARAVFFNRLGEIRDRSFEQQRYRASGLNLVTAAIVLWNTVYLERAANALRGHGQAVDDGLLQYLSPLGWE,tnpA,Non-conjugative DNA mobility,transposase TnpA,
5,Coding Sequence5,8485.0,8775.0,96.0,373.0,0.0,1.85069e-47,MRPSVVLDMKRSAVREAVGRFRAANPRVFGSVLHGTDRDGSDLDLLVDALPGATXXXXXXXXXXXXXXXXVDVDLLTPGDLPPKFRAKVLAEAQPI,ofn34,Toxin-Antitoxin System,Polymerase nucleotidyl transferase domain-containing protein (Toxin-Antitoxin System),
6,Coding Sequence7,9163.0,9519.0,124.0,403.0,0.0,3.01812e-51,ESRIFSVAEYVQPSEGEPIRSVVLETRDSIIVVWHVHPGQEIAAHIHPHGQDTWTVLSGMADYFQGNGIVRALREGEIAVARPGQVHGARNTGTEPXXXXXXXXXXXXXXXLAER,qdoI,Metabolism,Cupin domain protein related to quercetin dioxygenase,
7,Coding Sequence11,10959.0,11516.0,185.0,907.0,0.0,5.74742e-126,MLIGYARVSTQDQNLELQREALSKAGCKKVFEDKVSGTRADRPGLAKTLEMLREGDTLVVWKLDRLGRSVKQLVDLVGDLHKHGVQFRSLTDSIDTGTPSGRFFFHVMASLAEMERELTVERTRAGLEVAKQLGRKGGRKPKMTDSKIESAKKLLASGVPPKDVAKNLGVSIPTLYRWVPASTHA,tnpR,Non-conjugative DNA mobility,resolvase,
8,Coding Sequence12,12667.0,13065.0,87.0,355.0,0.0,4.34699e-44,MKKRFSDEQIICILREAEAGVSARELCRKHAISDATFYTWRKKYGGMEVPEVKRLKSLEEENARLKKLLAEA,tnpA,Non-conjugative DNA mobility,transposase TnpA,
9,Coding Sequence14,13741.0,14721.0,326.0,1745.0,0.0,0.0,SHQLTFADSEFSTKRRQTRKEIFLSRMEHILPWQNMTAVIEPFYPKAGNGRRPYPLETMLRIHCMQHWYNLSDGAMEDALYEIASMRLFARLSLDSALPDRTTIMNFRHLLEQHQLARQLFKTINRWLAEAGVMMTQGTLVDATIIEAPSSTKNKEQQRDPEMHQTKKGNQWHFGMKAHIGVDAKSGLTHSLVTTAANEHDLNQLGNLLHGEEQFVSADAGYQGAPQREELAEVDVDWLIAERPGRVKTLKQHPRKNKTAINIEYMKASIRARVEHPFRIIKRQFGFVKARYRGLLKNDNQLAMLFTLANLFRVDQMIRQWERSQ,tnpA,Non-conjugative DNA mobility,transposase TnpA,
10,Coding Sequence17,17449.0,18615.0,388.0,1971.0,0.0,0.0,ILKNLARPTARSLSLYNAGLSAEAVRQQYGLSHIAKLASNENPLGASPQVIAALQADAGFSAVYSDAASTALRDALATYTGVQAGNIVIGNGSEDILHMLALAFLNPGDRVVTLRPSFGLHEIFPRMMGADVTLVDVNKQHQFDIAAWTQALSMPAKMVIFSNPSNPVGCMLDNAGFERIIAAAPQDCVLVIDEAYFEYCRNNPDYPDSQRVLAAQSRPWIVLRTFSKAYGLAGLRVGYGLASHPELVNLLNRVRTPFNINRSAQAAAVVALGDQQHVNDSIALVSAQRDMMSAQLTALGFRVAPSCANFLFFDCGQPAAELAQRLLCDGVIIKPWREKGYEHWIRVSVGNEQDNQQFIRSLKRILAEDAA,hisC,Metabolism,histidinol-phosphate transaminase,
11,Coding Sequence18,18674.0,20356.0,560.0,2844.0,0.0,0.0,NAPQKNAAAHVVRAPQGTALSCQNWLIEAAYRMIQNNLDPDVAERPEDLVVYGGIGKAARNWPAFEAILDSLRALREDETLLVQSGKPVGVFRTHTNAPRVLIANSNIVPHWAHWDHFHELDKAGLMMYGQMTAGSWIYIGAQGIVQGTYETFAEAGRQHYNGDLRGKWILTAGLGGMGGAQPXXXXXXXXXXXAIECQESHIDFRLRTRYVDYKTRSLDEALAMIEKACAEKKAISVGLLGNAAELMPQLAARAKAGGLRPDIVTDQTSAHDPLNGYLPEGWSLEKWQAARQSDPQSVVKAARASMAKHVQAMLDFHHMGIPTVDYGNNIRQVAKEEGVENAFDFPGFVPAYIRPLFCEGKGPFRWVALSGDPEDIYKTDAKLKELFPDNTNLINWLDMARERIAFQGLPARICWLGLGERHRAGLAFNEMVRNGELKAPIVIGRDHLDTGSVASPNRETEAMKDGSDAVSDWPXXXXXXXXXXXXTWVSLHHGGGVGMGFSQHAGMVIVCDGTEDADARLARVLWNDPATGVMRHADAGYEQAKACAERHHLNLPMI,hutU,Metabolism,urocanate hydratase,
12,Coding Sequence19,20400.0,21950.0,516.0,2465.0,0.0,0.0,AASSTDYTLCRLQPGHVHLPMLRQIYQGNVRLALAEEARADVLASQETVTRIVASGNVVYGINTGFGKLAQTRIPAERLTELQRNLVLSHSVGTGKNLADNVVRLVMATKILSLSRGHSGIRIEVIDALITLFNAGVYPCIPEKGSVGASGDLAPLAHLSLMLIGEGQVTLGGETMSAVEGLAAAGLSPFELGPKEGLALLNGTQVSTSLALSGLFEAERVFSAGLVAGALSLEAIKGSVKPLDPRIHEARGQEGQXXXXXXXXXXXAGSDIVTSHANCGRVQDPYSIRCVPQVMGACLDNLRHAARILRIEANAASDNPLVFAENGDVISGGNFHAEPXXXXXXXXXXXXAEVGAISERRMAXXXXXXXXXXXXXLVNDGGVNSGFMIAQVTAAALASENKSLAHPGSVDSLPTSANQEDHVSMATYAARRLGNMCFNTSVVVGIEAMAAAQGLDFHRPLQSSATLESEMKAIRQHVAFLEKDRLMAPDVEMMRLWASREHWPAAIEALLPSFA,hutH,Metabolism,histidine ammonia-lyase,
13,Coding Sequence25,27176.0,27976.0,266.0,1287.0,0.0,0.0,MSEPTLFSSAGTAQQDVTRQTLSELAAAMSDAPAPIYQRVKQAIIGQIRAGVWKPHQRIPSESELVNEIGVSRMTINRALRELTSEGFLIRMQGVGTFVAEAKAYTPMLEVHNIADEIAQRGHRHDSKILVCEARXXXXXXXXXXGIAIGDTLFYSQIVHYENNVPVQIEDRFVNPETAPDYLRQVLNKQTPYTYLMDIAPLTAGEHRVEAISASDXXXXXXXXXXXXPCLLIHRRTWSGSRVVTSARLIYPGSRYQLFGRFTSHG,hutC,Other,histidine utilization repressor,
14,Coding Sequence26,28130.0,29392.0,420.0,2119.0,0.0,0.0,MSLASSLCLTVTPPAHCDSVWRGATLVTMQDGRYNVIENGALAVTEGKIVWLGRNADCPAFPHAQQHVFDGGIITPGFIDCHTHLVFGGNRSAEFEQRLNGVSYAEIAAAGGGILSTVNATRDATXXXXXXXXXXXXXXXXXXGVTCLEIKSGYGLTLDSELKMLRVIRKLATLLPVDIQSTCLAAHALPPEYKDRAEDYIDFICDTLLPIVAREKLADAVDAFCEHLAFSPAQVERIFDAAQALGLPVKLHAEQLSALHGSSLAANYHALSADHLEYATQEDAHAMAASGTVAVLLPGAWYLLREKQHPPVNFFRQYQVPMALASDANPGTSPVLSLRLMLNMGCTLFGLTPEEALAGITCHGARALGLAASHGTLAEGKVADFIHWPLSRPAELIYWLGGQLPCTVVYRGKIRGNVHP,hutI,Metabolism,imidazolonepropionase,
15,Coding Sequence27,29389.0,30213.0,274.0,1462.0,0.0,0.0,MSLSAMTDIIDPYHFTAGSAPLLISIPHAGTQLTPEVDNGLSDAARPLGDTDWHIPRLYDFAHALGASMLVGNYSRFVIDLNRPADDTPLYTTATTGLYPETLFDGRDSFTPGMTPTAAHRRHYLAQIWHPYHQRIQSELARIKHQFGYALLFDAHSIASVIPRLFDGRLPDLNLGTNGGASCAAALSDRLVDCCQKQSPFSHVLNGRFKGGYITRAYGQPDANIHAVQLELAQVNYMNEMAPYAYAEEKAPQLQALLRSLLENMLDWADSHYQ,hutG,Metabolism,N-formylglutamate deformylase,
16,Coding Sequence29,31168.0,32091.0,322.0,1631.0,0.0,0.0,AKQKFKITNWPTYNKALINHGSITFWLDDEAIQAWYESATPSSRGRPQRYSDLAITTVLVIKRVFRLTLRAAQGFIDSIFTLMNVPLRCPDYTSVSKRAKSVNVSFKTFTRGEIAHLVIDSTGLKVFGEGEWKVKKHGKERRRIWRKLHLAVDSNTHEIICANLSLNNVTDSEAFPGLIRQTHRKIRAASADGAYDTQLCHDELRRKKISALIPPRKGAGYWPGEYADRNRAVANQRLTGSNARWKWTTDYNRRSIAETAMYRVKQLFGGSLTLRDYDGQVAEAMALVRALNKMTKAGMPESVRIA,tnpA,Non-conjugative DNA mobility,transposase TnpA,
17,Coding Sequence31,33339.0,33617.0,81.0,369.0,0.0,5.15102e-47,AFEVVVWMTDGWPLYESRLKGELHVISKRYTQRIERHNQNLRQHLARLGRKSLSFSKSVALHDKVIGHYLNIKHYQ,insB,Non-conjugative DNA mobility,insertion element protein InsB,
18,Coding Sequence32,33744.0,34019.0,91.0,418.0,0.0,2.20577e-54,TEGVVRNGKSTAGHQRYLCSHCRKTWQLQFTYTASQPGTHQKIIDMAMNGVGCRATARIMGVGLNTILRHLKNSDRSR,insA,Non-conjugative DNA mobility,insertion element protein InsA,
19,Coding Sequence33,34171.0,35655.0,495.0,2618.0,0.0,0.0,YGEEKSDSLIVAAKQANNPKGAESVERRSGAKGNVEQPHMRRTQSRESMSQRLSRVREAAKQRKKERFTALFHLLTVEALEAAFLSLSRKAAAGVDGIRWMDYAGNMKNNITDLHRRLHQGSYRAQPGRRHYIPKADGKQRPLGIASLEDKIVQYALVKILNAVYENDFMGFSYGFRPGRSQHDALDALATGLVRTNVNWVLDADIRQFFDRVSHEWLIRFTEHRIGDRRVIRLIRKWLTAGTSEEGQWRATEEGTPQGAVISPLLANIYLHYVFDLWAHQWRRRYATGNVVMVRYADDIVIGFDKRYDARRFRIAMQRRLREFGLTVHPEKTRLMEFGRFAAENRAIRGKGKPETFNFLGFTHISGKDRNGRFMLIRKTRRDRMTATLKAIKDGLRRRWHYSIPEQGKWLRRVVQGYLNYHSVPGNFPTMQKFRTHVTNLWRRALRRRSQKDDTTWTKANKLAAAWLPRVRVLHPWPVERFTARHPRQEPGA,ltrA,"Plasmid Maintenance, Replication and Regulation",group II intron reverse transcriptase/maturase,
20,Coding Sequence34,36064.0,36495.0,148.0,683.0,0.0,4.59166e-93,MKLQLFSTGKELPPQAHPLFADLASCGFPSPAADYVESDLDLHDYCIRHPSATYYLRASGDSMADGSLYNGDLLVVDSAEKPRHGDIVVASMQGEFTVKXXXXXXXXXXXXMNASWSPIYPDPDELDIFGVVTHIIHRPREMY,umuD,Stress Response,translesion error-prone DNA polymerase V autoproteolytic subunit,
21,Coding Sequence35,36495.0,37766.0,423.0,2239.0,0.0,0.0,MFALADVNSFYASCERVFRPDLKGKPIVVLSNNDGNVIARSAEAKPWIKMGTPWFQIKNERYPEKIYAFSSNYELYASISARVMNCLEELAPRVEQYSIDEMFLDLTGVEHCMGLEDFARQLRQQVYDCTRLTIGVGAGPTKTLAKSAQWASKEWKQFHGVLALTRGNPQRTRKLLSLQPVEEIWGVGNRIARKLNVLGIKTALDLALTNPAFIRKNFSVVLERTVRELNGESCLSLEEAPPTKQQIVCSRSFGVKITEYESLRQAICQHAERASEKLRKEHQYCRHISVFIKTSPFAIKEPYYGNVATEKLLTPTQDTRDXXXXXXXXLERIWRDGHRYAKAGVMLNDFTGSGVSQLQLFDERPPRPHSAELMRVLDGINNSGLGKVWFAGRGMAPEWQMKREMLSPAYTTRWSDIPAAKLA,umuC,Stress Response,translesion error-prone DNA polymerase V subunit UmuC,
22,Coding Sequence36,37848.0,38822.0,324.0,1655.0,0.0,0.0,SNEKRKTIGRQLNTQASMLEMADTGRSQVFTLKTGRKVTFRFVRVPASEVESKTFVNQENNGRDQLALTRESLKSIIQTIKFQQFFPCIGIKQSERIEILDGSRRRASAIFVRTGLDVMVTEEHLSADEARQLAKDIQTAKEHNLREIGLRLIALKESGFNQKEIAELEGLSQAKVTRALQAAAVPQDLISLFPVQSELSFSDYKLLLEVNEKLGEKGLTPEELIQSVSAQLDAILSDGERPEDEQKASILKLISQASQALIDPSPKEKSVVSPLWSFEEKDKFARKRVKGRTLTYEFSRMSKVIQDELDKAINEVLDRNLSQ,sopB,"Plasmid Maintenance, Replication and Regulation",Centromere binding protein SopB,
23,Coding Sequence37,38822.0,40027.0,401.0,2137.0,0.0,0.0,DNIEQLRKVATRAGKLLTSLSESIRQQKEELKLTEFYQEYSKAALYKLPKLSKGSVEYAVSEMEAGGYIFKKKPSGNTMKYAMTIQNVIDLYNHRKVPKYRDRFDKAFTIFVCNLKGGGSKTVSTASLSHAFRAHPQLLFEDLRILAIDFDPQASLTMFLSHENSVGLVENTAAQAMLQNVSREELLSDFIVPSIIPGVDVIPASIDDAFLAEGWKGLCEEHLPGKNIHAVLKENIIDKLQHDYDFIFLDSGPHLDAFLKNCIGAADLMLTPLPPATVDFHSSLKFVASLPALIDSIEMDGHTCNLIGNVGFMSKILNKSDHKICHSQAKEVFGADMLDMVLPRLDGFERCGETFDTVISANPATYDGSTEALKSAKSAAEDFAKAVFDRIEFIRTNGGM,sopA,"Plasmid Maintenance, Replication and Regulation",plasmid-partitioning protein SopA,
24,Coding Sequence39,41068.0,41934.0,288.0,1534.0,0.0,0.0,GKRSSSVLNYPLVDKVQIFPVDKYRDSLQFLFSLSLWVGKNLPIGIEMDTQALLPATKTFKKRASIKQSNELTEAAYYLPLQAKRVLWLCLMQAYFNDSQEDDSDVLPLFKISVSDYVKYFNVATSVASRDVKAGVNALGESTVTFYPKEGEFEEVKRPWLAEAGMKRGRGSWQIEFNYKVMPFLVGLTSQFTTYSLYDCGQLNSVRVIRLYESLCQFRSTGVWITTHDWLCERFMLPASQKNNIAEMKRTFLEPALKKINEKTPLKVTYTTEEDGRLLFNFLDKKQ,repB,"Plasmid Maintenance, Replication and Regulation",Replication initiator protein RepB,
25,Coding Sequence41,43017.0,43799.0,258.0,1231.0,0.0,7.30662e-173,AQLPVAIDYPAALALRQMALVQDELPKYLLAPEVSALLHYVPDLHRKMLLATLWNTGARINEALALTRGDFSLAPPYPFVQLATLKQRTEKATRTAGRSPAGSQAHRLVPLSDHHYVSQLQMMVATLKIPLERRNKRTGRTEKARIWDITDRTVRTWIGXXXXXXXVDGVTFSVPVTPHTFRHSYAMHMLYAGIPLKVLQSLMGHKSISSTEVYTKVFALDVAARHRVQFQMPEADAVAMLKGNI,resD,Non-conjugative DNA mobility,Resolvase,
26,Coding Sequence43,44637.0,44942.0,101.0,529.0,0.0,5.51313e-71,QFKVYAYKRESRYRLFVDVQSDIIDTPGRRMVIPLASARLLSDKVSCELYPVVHIGDDSYRLMTTDMASVTSSVTGEEVADLSHRENDIKNAINLMFWGI,ccdB,Toxin-Antitoxin System,type II toxin-antitoxin system toxin CcdB,
27,Coding Sequence44,44944.0,45162.0,72.0,361.0,0.0,2.36051e-46,KQRITVTIDSDSYQLLKSADVNISALVNRAMQNEARRLRAERWQAENQEGMAEVARFIEMNGSFADENRDW,ccdA,Toxin-Antitoxin System,type II toxin-antitoxin system antitoxin CcdA,
28,Coding Sequence46,46002.0,47234.0,169.0,587.0,27.0,4.23038e-74,KSRRPSPLQRRVLIVLAALGAKRPGPVATRDIERVLEQGGDAPVYGPNLRASCRRMEAAGWLRTLRAPNLQLAVELTDAGRALAAPLLADEQARVLAEQRAAAVRVLPLVRMKAVYESDSFGDERPVALDDRWHLAVRGDYVILLDGTTCLQLWNAAGQLTRLEGDPLQIATWLQACHDAGIAVRVQINESATP,ydeA,"Plasmid Maintenance, Replication and Regulation",Transcriptional regulator YdeA,
29,Coding Sequence51,49886.0,50434.0,182.0,960.0,0.0,3.65959e-134,MSFFLKSLAAGVFTIASFSVGATTAPVLDTTPQMAYEDISRSLTELQPITFQSGVEKYKILVFVDNQCVYCSYVVKNIKKYTDAGLTMSFLTVVPSSIKDSVIEDMGRVWCASDRQKSFQNAMAGFLPDNDSSEKCKNLVIKQSELADRLGVTVTPAMVVLEPSVHTFLGSVSPDKILSELQ,dsbC,Stress Response,Disulfide-isomerase protein DsbC,
30,Coding Sequence52,50481.0,50915.0,144.0,761.0,0.0,5.4145e-105,MNLRAFSAPILTLVLLITACSNHTQKTNVRVMPGNDKSAEVDDLLGNLGSPTFPPEHSKIVVYAAQIRNAIVAEMYEPDAYKGKTCSIRIYLQPDGSVNSATAKEGDAKLCKAAISAITRAKIPAAPDNETYQRVKNAALDFRL,tolA,Other,protein TolA,
31,Coding Sequence58,53975.0,54169.0,64.0,327.0,0.0,2.66218e-41,VIECDHGKLKRIIGATLGFKSMKTAYATIKGIEVMRALRKGQASAFYYGDPLGEMRLVSRVFEM,tnpA,Non-conjugative DNA mobility,transposase TnpA,
32,Coding Sequence59,54450.0,55430.0,326.0,1750.0,0.0,0.0,MSHQLTFADSEFSTKRRQTRKEIFLSRMEHILPWQNMTAVIEPFYPKAGNGRRPYPLETMLRIHCMQHWYNLSDGAMEDALYEIASMRLFARLSLDSALPDRTTIMNFRHLLEQHQLARQLFKTINRWLAEAGVMMTQGTLVDATIIEAPSSTKNKEQQRDPEMHQTKKGNQWHFGMKAHIGVDAKSGLTHSLVTTAANEHDLNQLGNLLHGEEQFVSADAGYQGAPQREELAEVDVDWLIAERPGRVKTLKQHPRKNKTAINIEYMKASIRARVEHPFRIIKRQFGFVKARYRGLLKNDNQLAMLFTLANLFRVDQMIRQWERSQ,tnpA,Non-conjugative DNA mobility,transposase TnpA,
33,Coding Sequence60,55617.0,56540.0,322.0,1642.0,0.0,0.0,VAKQKFKITNWPTYNKALINRGSITFWLDDEAIQAWYESATPSSRGRPQRYSDLAITTVLVIKRVFRLTLRAAQGFIDSIFTLMNVPLRCPDYTSVSKRAKSVNVSFKTFTRGEIAHLVIDSTGLKVFGEGEWKVKKHGKERRRIWRKLHLAVDSNTHEIICADLSLNNVTDSEAFPGLIRQTHRKIRAASADGAYDTRLCHDELRRKKISALIPPRKGAGYWPGEYADRNRAVANQRMTGSNARWKWTTDYNRRSIAETAMYRVKQLFGGSLTLRDYDGQVAEAMALVRALNKMTKAGMPESVRIA,tnpA,Non-conjugative DNA mobility,transposase TnpA,
34,Coding Sequence65,59808.0,60581.0,254.0,847.0,0.0,1.78348e-114,SQQAQISIRGLHKRYGDNVVLNGIDFDVLPGQVIVIIGPSGSGKSTFLRCCNGLELPEQGDITLCGKALIRQGKPLPEKQLNALRQDVGMVFQSFNLFPHLSVLENLCVAPVMLRGLDKTTARQQALSLLEKVGLSSKADAMPGSLSGGQKQRVAISRALAMSPSVMLFDEPTSALDPELVGEVLQVMKMLASEGMTMMVVTHEMGFAREXXXXXXXXXXXXXXEAGTPDQIFTNPQNERTRQFLNAVLTR,glnQ,Metabolism,ABC transporter ATP-binding protein,
35,Coding Sequence68,62855.0,63559.0,240.0,1170.0,0.0,2.44189e-164,MNLFKGRHFQRDIILWAVRWYCKYGISYCELQEMLAERGVNVDHTTIYRWVQRYAPEMEKRLRWYWRNPSDLSPCHIDETYVKVNGRWAYLYRAVDGRGRALDFYLSPRRNSKAAYRFLGKIFNNVKKWQIPRFINTDKAPAYGRALALLKREGRCPPDVEHRQIKYRNNVIECDHGKLKRIIGATLGFKSMRTAYATIKGIEVMRVMRKGQASVFYYGDPLGEMRLVSRVFEM,tnpA,Non-conjugative DNA mobility,transposase TnpA,
36,Coding Sequence71,65327.0,67903.0,311.0,1481.0,0.0,0.0,MRFVTPVKSVNSGPNRKYFGSGRGITWYNFVSDQYSGFNGIVVPGTLRDSIFVLEGLLEQQTGLNPVEIMTDTAGASDIIFGLFWLLGYQFSPRLADAGEAVFWRVDKSANYGALDELARGCADLSKAEDQWDEMLRTAGSLKLGTIHASELIRSLLKSSRPSGLAQAIMEVGRVNKTLYLLNYIDDEDYRRRILTQLNRGEGRHAVARAICYGQRGEIRKRYREGQEDQLGALGLVTNAVVLWNTLYMQEALSWMRSNGEETGDEDIARLSPLMHGHINMLGHYTFTLPEDILKGELR,tnpA,Non-conjugative DNA mobility,transposase TnpA,
37,Coding Sequence72,67976.0,68680.0,240.0,1251.0,0.0,9.1466e-177,NPFKGRHFQRDIILWAVRWYCKYGISYRELQEMLAERGVNVDHSTIYRWVQRYAPEMEKRLRWYWRNPSDLCPWHMDETYVKVNGRWAYLYRAVDSRGRTVDFYLSSRRNSKAAYRFLGKILNNVKKWQIPRFINTDKAPAYGRALALLKREGRCPSDVEHRQIKYRNNVIECDHGKLKRIIGATLGFKSMKTAYATIKGIEVMRALRKGQASAFYYGDPLGEMRLVSRVFEM,tnpA,Non-conjugative DNA mobility,transposase TnpA,
38,Coding Sequence73,68929.0,69348.0,87.0,338.0,1.0,1.70132e-41,TRYKQIMPSTDWYFRHDNVEGCSTKSTVYQLAAWALTHDGEIVGLVTVRDVETGRPKLVTPPPIAGDYLHREQLEADEVSASKRR,upfA,Other,hypothetical protein,
39,Coding Sequence77,70940.0,71962.0,340.0,1723.0,0.0,0.0,TITTVGIDLAKNVFAVHGVDQNGRTVLVKPKVSRAALPELIASLPPCVIGMEACSGAHYWARLFRQYGHEPRLMAAKFVSPYRMAGKSGKNDAADAQAICEAVRRPHMRFVPVKDESQQAMQCLHRTRQGFIEEKTATYNRLRGLISEFGVIAPQSADALRHMVSVQKSSLPLQVQQCVDDLMEHVDRIEANITEYDRILSHIAKTDHRSQRLMELKGVGPTTACALVASIGNAHDFKNGRQLAAWLGLTPSQYSSGGKSKLGRITKAGDSYLRTLLVQGARSVLIGAGKRTDSFSRWVCMLVERRGYWRAVVAIAAKNARLCWASLHYGDDFRLYSVN,tnpA,Non-conjugative DNA mobility,transposase TnpA,
40,Coding Sequence82,74957.0,75979.0,340.0,1804.0,0.0,0.0,MTITTVGIDLAKNVFAVHCIDQNGKAVLVKPKVSRAALSELIAGLPPCVIGMEACSGAHYWARLFRQYGHDVRLMAPKFVSPYRMAGKTGKNDAADAIAICEAVQRPHMRFVPVKDESQQAMQCLHRTRQGFIQERTATYNRLRGLISEFGVIAPQSTDALRHVVSDQKETLPVQVRLCIDDLLTHVTNIEEKIAEYDRVLSRVAKTDHRSQQLMELKGVGPTTASALVASIGNAHDFKNGRQLAAWLGLTPSQYSSGGKSKLGRITKAGDAYLRTLLVQGARSVMVGAENRTDPFSRWVCSLIGRRGYWRAVVAIAAKNARLCWASLHYGDDFRLYSTT,tnpA,Non-conjugative DNA mobility,transposase TnpA,
41,Coding Sequence84,76726.0,77361.0,211.0,1112.0,0.0,2.43872e-156,KGLPKNTIAWLLFCGSLAAPSAWGFETNYDRGRVDFAGRVTDISCSVALNGGQHAGSGNVWLAPVSLAEVHDRGAGAFMKPQPFTLALSNCQLRHDGGAASQDEVRRVSVRWVDGFLLTAVGNENAGYLANTLPDGAQNIYLALSTNDNNTLDKSNKIVPADPQQNQVRLQESAVSGGLFTYYVGYVSPTPKSATSGPITSWATWELVYN,mrkF,Virulence and Defense Mechanism,type 3 fimbria minor subunit MrkF,
42,Replicon 1,41428.0,41678.0,251.0,251.0,0.0,4.0756e-130,TCGCTTCATTCCTGCTTCAGCCAGCCACGGACGTTTAACTTCTTCAAACTCACCTTCTTTTGGATAAAAGGTAACCGTTGATTCGCCCAGAGCATTTACCCCAGCCTTCACATCACGACTGGCGACAGACGTAGCGACATTGAAGTATTTGACGTAATCGGAAACGCTGATTTTGAAGAGCGGCAATACGTCAGAGTCATCTTCCTGGCTGTCATTAAAATAGGCCTGCATGAGGCATAACCACAGCACAC,>IncR_1__DQ449578,Replicon,Replicon type,
43,OriC Sequence1,32660.0,33020.0,384.0,313.0,1.0,2.10228e-163,TGGGAATCGGCCCACCTTGCCGGGCGCCGGTGCCGTGTGGAAATCCGCCCACCTTGCCGCGCGCCGGTGCCGTGTGGGAATCCGCCCA-CCTTGCCGCGCGCCGGTGCCGTGTGGGAATCCGCCCACCTTACCGGGCGCCGGTGCCGTGTGGGAATCCGCCCACCTTGCCGGGCGCCGGTGCCGTGTGGGAATCCGCCCACCTTACCGGGCGCCGGTGCCGTGTGGAAATCCGCCCACCTTGCCGCGCGCCGGTGCCGTGTGGGAATCCGCCCACCTTACCGGGCGCCGGTGCTGTGTGGAAATCCGCCCATCTTCATGACAAAAATTTGTCAAATGACAGGCTCATGTGTGCTGATTTATG,oriC,Origin of Replication,origin of replication,
44,OriC Sequence1,40028.0,41067.0,1040.0,1040.0,0.0,0.0,TTATCACCTCATGACGTTTTTTGTCATTTTGAACAAAAAGTGTCATGTTGCAAGAAAAAAATCATATTGTTTTGATTTCGCTCTCAACAGAAGGGGGATGAAGCTCGACGGGCGTGCTACTAAATCACACTGCAGCAACACGCAGACGCACTTTTGACCATCAACAGCAACTCATACAAAAGGGCTTTGAGAAAGGTATTCAACTTGCAAGACAGGAGAGTCATTCAGAAGGATTCTGATTTTAGTTACGACCAGTGCAATGCTGAGCCTTATGTATCAGCGCTCGCCGCAGCCATGTAACCGAGCGTAGCGAGCGAACTGGCGAGGAAGCGAAGAGGAACCGTTCCGGCAGATAGCTCTTACGCTCAGCACAAGAAGAGTTTTCCATCCTCTGTGGGAAACAGGTCAACTTTAATGGACGCTCCGGACTATGGGAAACAGGTCAACTTCGCGGACGGCCCGGACTATGGGAAACAGGTCAACTTCACGGGCGGCCGGGAGTGTGGGGAACAGGTCAACTTCGCGGACGGCCCGGATTATGGGAAACAGGTCAACTTCGCGGGCGGCCGGGACTGTGGGAAACAGGTCAACTTTGCAGACGGCCCGGACTGTGGGAAACAGGTCAACTTCGCGGGCGGCCGGGAGTGTGGGGAACAGGTCAACTTCGCGGACGGCCCGGACTAAGGGAAACAGGTCAGCTTCTCGGACGGCCCGGACTATGGGAAACAGGTCAACTTCTCGGACGGTCGGGAGTGTGGGAAACAGGTCAACTCCGCGTACGGCCCGGACTGTGGGAAACAGGTCAACTTTGCAGACGACCGGGACTGTGGGAAACAGGTCAACTTTGCAGACGACCGGGACTGTGGGAAACAGGTCAACTCCGCAGACGGCCCGGACTGTGGGAAACAGGTCAACTACGCAGACAGCCGCGATTGCGGGAAACAGGTCAAGTTAGGCAAGCACTATGGGAAACACAGCAAGTTCAGTATCCCCCCATATGTCAGCAACAAACTAAGGGGGGAGGAAATAAAAATTACAGA,oriC,Origin of Replication,origin of replication,
